{"ow": 524, "oh": 388, "m_per_px": 2.9314616504977677, "world_w": 1536.0859048608304, "world_h": 1137.407120393134, "roads_rect": [0.28435114503816794, 0.19742268041237113, 1, 0.8338917525773196], "place": "נור א-שמס — טול כרם", "zmin": 75.53327178955078, "zmax": 193.0170440673828}