{"ow": 524, "oh": 392, "m_per_px": 2.942375055721228, "world_w": 1541.8045291979233, "world_h": 1153.4110218427213, "roads_rect": [0.28435114503816794, 0.1954081632653061, 1, 0.8253826530612245], "place": "đĺř ŕ-ůîń — čĺě ëří", "zmin": 78.56343841552734, "zmax": 182.35830688476562}