{"ow": 4080, "oh": 1884, "m_per_px": 1.1610142836874464, "world_w": 4736.938277444781, "world_h": 2187.350910467149, "has_roads": true, "place": "נור חדש", "zmin": 79.02005004882812, "zmax": 325.6980895996094}